{"cameraMode":{"drawMode":0,"name":"Shaded","section":"Shading Mode"},"sceneLighting":false,"audioPlay":false,"sceneViewState":{"showFog":true,"showMaterialUpdate":false,"showSkybox":false,"showFlares":true,"showImageEffects":true,"showParticleSystems":true},"in2DMode":false,"pivot":{"x":0.022372007369995118,"y":5.162806510925293,"z":0.09598779678344727},"rotation":{"x":0.006250274833291769,"y":0.9757804870605469,"z":-0.028119370341300966,"w":0.21687310934066773},"size":25.43897247314453,"orthographic":false}