{"cameraMode":{"drawMode":0,"name":"Shaded","section":"Shading Mode"},"sceneLighting":false,"audioPlay":false,"sceneViewState":{"showFog":true,"showMaterialUpdate":false,"showSkybox":false,"showFlares":true,"showImageEffects":true,"showParticleSystems":true},"in2DMode":false,"pivot":{"x":-0.03712916374206543,"y":0.9600000381469727,"z":8.62196159362793},"rotation":{"x":0.07275647670030594,"y":0.10006063431501389,"z":0.007336599286645651,"w":-0.992296576499939},"size":2.00970196723938,"orthographic":false}