{"cameraMode":{"drawMode":0,"name":"Shaded","section":"Shading Mode"},"sceneLighting":true,"audioPlay":false,"sceneViewState":{"showFog":true,"showMaterialUpdate":false,"showSkybox":true,"showFlares":true,"showImageEffects":true,"showParticleSystems":true},"in2DMode":false,"pivot":{"x":34.97864532470703,"y":0.22153037786483766,"z":4.869999885559082},"rotation":{"x":0.009360240772366524,"y":-0.9906440377235413,"z":0.09450460225343704,"w":0.0981011912226677},"size":9.40329360961914,"orthographic":false}