{"cameraMode":{"drawMode":0,"name":"Shaded","section":"Shading Mode"},"sceneLighting":false,"audioPlay":false,"sceneViewState":{"showFog":true,"showMaterialUpdate":false,"showSkybox":false,"showFlares":true,"showImageEffects":true,"showParticleSystems":true},"in2DMode":false,"pivot":{"x":0.07377874851226807,"y":3.4221413135528566,"z":0.1491222381591797},"rotation":{"x":-0.27671897411346438,"y":0.7003132104873657,"z":-0.3463697135448456,"w":-0.5594968199729919},"size":24.01386833190918,"orthographic":false}