{"cameraMode":{"drawMode":0,"name":"Shaded","section":"Shading Mode"},"sceneLighting":false,"audioPlay":false,"sceneViewState":{"showFog":true,"showMaterialUpdate":false,"showSkybox":false,"showFlares":true,"showImageEffects":true,"showParticleSystems":true},"in2DMode":false,"pivot":{"x":35.178646087646487,"y":50.898277282714847,"z":5.024932861328125},"rotation":{"x":0.025175023823976518,"y":0.8464117646217346,"z":-0.5304330587387085,"w":0.040161557495594028},"size":18.521203994750978,"orthographic":false}