{"cameraMode":{"drawMode":0,"name":"Shaded","section":"Shading Mode"},"sceneLighting":false,"audioPlay":false,"sceneViewState":{"showFog":true,"showMaterialUpdate":false,"showSkybox":false,"showFlares":true,"showImageEffects":true,"showParticleSystems":true},"in2DMode":false,"pivot":{"x":34.97864532470703,"y":0.23000001907348634,"z":1.4200000762939454},"rotation":{"x":-0.14354728162288667,"y":-0.8500200510025024,"z":0.2971588373184204,"w":-0.410616397857666},"size":9.39022445678711,"orthographic":false}