{"cameraMode":{"drawMode":0,"name":"Shaded","section":"Shading Mode"},"sceneLighting":false,"audioPlay":false,"sceneViewState":{"showFog":true,"showMaterialUpdate":false,"showSkybox":false,"showFlares":true,"showImageEffects":true,"showParticleSystems":true},"in2DMode":false,"pivot":{"x":40.31727981567383,"y":49.57100296020508,"z":-2.5190906524658205},"rotation":{"x":0.025175023823976518,"y":0.8464117646217346,"z":-0.5304330587387085,"w":0.040161557495594028},"size":51.050106048583987,"orthographic":false}